order_id,customer_id,product_id,order_date,order_quantity,order_status,order_approval_date,order_delivery_date,rating_date,rating_score,rating_comment
97564t,30842q,24752z,4/27/2023,1,processing,4/30/2023,,,,
23865g,01054m,04151d,08/03/2023,9,delivered,08/03/2023,08/07/2023,,,
07385m,89513e,10638s,06/01/2023,1,pending,,,,,
85330s,12116r,80153c,10/05/2023,4,delivered,10/06/2023,10/11/2023,10/25/2023,5,Disappointing. Didn't meet my needs as expected.
96952m,87193b,66048l,12/30/2023,4,delivered,12/31/2023,01/06/2024,1/17/2024,3,
21944r,09903v,86538t,11/19/2023,2,delivered,11/19/2023,12/02/2023,12/11/2023,1,
10874j,41589h,32750s,8/20/2023,10,delivered,8/23/2023,8/25/2023,09/06/2023,3,Good value for money. Does the job well.
41511r,58686s,19648f,08/08/2023,5,processing,08/10/2023,,,,
26659k,45672n,02090u,8/27/2023,8,delivered,8/28/2023,09/08/2023,9/15/2023,1,
39508p,04537j,86538t,7/31/2023,8,processing,7/31/2023,,,,
77083x,05470e,78277j,12/11/2023,1,delivered,12/14/2023,12/22/2023,,,
89751j,86200y,83931b,12/08/2023,3,delivered,12/08/2023,12/20/2023,,,
93339i,92348m,31106q,8/20/2023,8,shipped,8/21/2023,,,,
15502z,35352u,27297s,03/01/2023,3,delivered,03/01/2023,03/12/2023,3/25/2023,3,Easy to use and convenient.
32545i,83161t,95177z,06/12/2023,1,delivered,6/14/2023,6/23/2023,,,
75602o,74115u,02510u,4/23/2023,10,delivered,4/23/2023,4/27/2023,,,
74360m,65425n,57571j,08/11/2023,2,delivered,8/14/2023,8/18/2023,8/28/2023,4,"Great product, very satisfied with its performance!"
82066p,76537i,95332p,07/08/2023,5,processing,07/10/2023,,,,
14549j,19560r,11932o,3/19/2023,8,delivered,3/20/2023,04/02/2023,04/04/2023,3,Good value for money. Does the job well.
87893c,74833d,80153c,04/02/2023,10,delivered,04/03/2023,04/12/2023,4/18/2023,2,"Average product, nothing special about it."
50630i,09157y,47973g,03/06/2023,9,delivered,03/07/2023,3/15/2023,3/26/2023,1,
12512e,91921x,75135q,12/10/2023,3,delivered,12/12/2023,12/15/2023,01/03/2024,1,
74400l,57146f,88691q,5/31/2023,6,delivered,5/31/2023,6/14/2023,6/25/2023,4,
43844j,51188v,93680s,08/03/2023,5,delivered,08/03/2023,08/08/2023,8/19/2023,3,
90279b,29780w,12490g,3/17/2023,2,shipped,3/18/2023,,,,
44259r,77733q,97338x,08/06/2023,4,delivered,08/09/2023,8/18/2023,8/31/2023,3,"Great product, very satisfied with its performance!"
38582z,04537j,45387s,03/09/2023,6,processing,03/09/2023,,,,
17529t,97696g,06727r,09/05/2023,8,delivered,09/08/2023,9/13/2023,9/28/2023,2,"Impressive design, but functionality could be improved."
25108z,91921x,12490g,11/03/2023,4,delivered,11/06/2023,11/14/2023,,,
59968g,05313r,78277j,6/20/2023,3,processing,6/21/2023,,,,
22543q,70801v,12363m,5/24/2023,2,delivered,5/24/2023,06/02/2023,6/18/2023,3,Disappointing. Didn't meet my needs as expected.
45867s,05470e,82417v,06/06/2023,8,processing,06/08/2023,,,,
00135x,74833d,85089g,7/25/2023,8,delivered,7/28/2023,08/06/2023,,,
32555y,32283g,12490g,1/28/2024,7,delivered,1/29/2024,02/09/2024,2/20/2024,2,"Impressive design, but functionality could be improved."
45594t,73496p,65763w,4/23/2023,8,delivered,4/26/2023,4/29/2023,5/17/2023,3,"Average product, nothing special about it."
08934b,92348m,88691q,9/24/2023,6,delivered,9/25/2023,9/30/2023,10/12/2023,3,Needs better instructions for setup.
78179g,48745d,80153c,04/01/2023,4,delivered,04/02/2023,04/05/2023,4/24/2023,4,
62949l,44932e,04151d,7/18/2023,4,delivered,7/21/2023,7/30/2023,08/10/2023,3,
67515j,86200y,83500s,7/26/2023,6,delivered,7/27/2023,08/03/2023,,,
87296w,88437p,10638s,10/24/2023,4,delivered,10/27/2023,10/29/2023,,,
67243b,29780w,98568g,4/30/2023,3,shipped,05/03/2023,,,,
56575l,45672n,02931a,05/11/2023,3,shipped,5/13/2023,,,,
87833i,41589h,05847e,11/04/2023,3,delivered,11/06/2023,11/14/2023,11/24/2023,2,Needs better instructions for setup.
85698c,99498p,95332p,07/06/2023,3,delivered,07/09/2023,7/13/2023,,,
45944u,14431h,85163t,11/13/2023,2,delivered,11/16/2023,11/24/2023,12/04/2023,5,Easy to use and convenient.
31373z,83161t,05847e,10/10/2023,6,pending,,,,,
50097h,87193b,34220z,09/03/2023,1,delivered,09/04/2023,09/12/2023,,,
94109r,96093d,04151d,04/12/2023,4,delivered,4/13/2023,4/24/2023,,,
20008d,50935w,20295e,10/31/2023,6,processing,10/31/2023,,,,
02528i,75825u,75135q,3/25/2023,9,delivered,3/26/2023,04/02/2023,4/15/2023,1,
62602l,58686s,73939b,10/03/2023,8,delivered,10/06/2023,10/16/2023,10/21/2023,1,"Average product, nothing special about it."
24701o,74115u,31106q,6/13/2023,9,shipped,6/14/2023,,,,
56715l,09903v,32750s,11/07/2023,1,delivered,11/09/2023,11/19/2023,,,
02044k,86200y,31346s,03/01/2023,3,delivered,03/02/2023,03/05/2023,,,
18811s,39884g,17115k,01/04/2024,2,shipped,01/05/2024,,,,
04312u,92348m,61340n,05/11/2023,8,delivered,5/14/2023,5/15/2023,,,
69718g,29780w,24752z,1/20/2024,2,delivered,1/23/2024,1/29/2024,02/04/2024,2,Needs better instructions for setup.
12193r,57146f,86538t,11/07/2023,5,delivered,11/07/2023,11/17/2023,,,
24216z,44932e,31610d,5/22/2023,5,delivered,5/22/2023,06/04/2023,06/07/2023,3,"Works perfectly, exactly what I needed!"
14729q,41589h,31607j,12/03/2023,4,shipped,12/03/2023,,,,
55357u,05470e,00613n,10/23/2023,7,delivered,10/24/2023,11/06/2023,,,
19988l,45672n,31106q,07/07/2023,10,delivered,07/07/2023,07/11/2023,7/31/2023,2,
16974t,09903v,45009e,05/04/2023,10,delivered,05/05/2023,5/17/2023,,,
06487u,58686s,07681m,11/02/2023,3,delivered,11/04/2023,11/10/2023,11/24/2023,1,
63864h,12116r,48150m,02/03/2024,9,delivered,02/05/2024,02/08/2024,,,
77060v,87193b,31610d,6/18/2023,4,shipped,6/18/2023,,,,
76023o,96093d,27297s,06/05/2023,5,delivered,06/07/2023,6/14/2023,,,
60752k,14431h,07190d,11/06/2023,10,delivered,11/07/2023,11/16/2023,11/25/2023,5,Needs better instructions for setup.
79870i,76537i,74326j,5/29/2023,7,delivered,5/30/2023,06/05/2023,,,
17427m,38964c,31607j,12/14/2023,3,delivered,12/17/2023,12/18/2023,01/05/2024,5,"Average product, nothing special about it."
48796q,35352u,70177q,06/11/2023,9,delivered,06/11/2023,6/16/2023,6/30/2023,5,"Great product, very satisfied with its performance!"
14575x,74115u,31607j,03/03/2023,9,delivered,03/04/2023,03/11/2023,3/28/2023,3,
16046p,19560r,45819t,12/25/2023,4,delivered,12/28/2023,01/02/2024,,,
69804k,89513e,70177q,03/04/2023,10,delivered,03/04/2023,03/09/2023,3/28/2023,3,
65076k,66812h,89860e,02/10/2024,7,delivered,02/12/2024,2/15/2024,,,
88750z,75825u,85065z,9/16/2023,7,delivered,9/18/2023,9/23/2023,,,
84098t,97696g,31607j,2/25/2024,6,delivered,2/27/2024,03/10/2024,,,
69977v,29780w,53286c,01/12/2024,5,delivered,1/13/2024,1/26/2024,,,
00621o,41589h,20472b,4/22/2023,10,delivered,4/23/2023,05/01/2023,5/15/2023,4,"Works perfectly, exactly what I needed!"
30193i,75825u,24952a,10/23/2023,6,delivered,10/26/2023,10/31/2023,11/16/2023,5,"Impressive design, but functionality could be improved."
60645q,88437p,97711l,3/20/2023,3,delivered,3/23/2023,04/02/2023,,,
77196t,09903v,83931b,11/11/2023,4,delivered,11/14/2023,11/21/2023,,,
14050s,91921x,12490g,11/27/2023,9,processing,11/29/2023,,,,
33227r,14431h,27099c,1/16/2024,10,shipped,1/18/2024,,,,
21782k,83161t,66048l,01/08/2024,7,processing,01/11/2024,,,,
63574q,12116r,83500s,12/20/2023,2,delivered,12/20/2023,12/25/2023,,,
02842s,57146f,20472b,7/21/2023,9,shipped,7/21/2023,,,,
93799n,19560r,00063g,06/10/2023,1,delivered,6/13/2023,6/15/2023,6/27/2023,3,Good value for money. Does the job well.
49830r,73496p,27297s,12/26/2023,8,shipped,12/26/2023,,,,
37428p,87193b,85065z,2/21/2024,4,delivered,2/21/2024,2/28/2024,3/16/2024,4,Needs better instructions for setup.
12134s,30842q,95903a,11/28/2023,4,pending,,,,,
35939y,01054m,31982j,01/11/2024,2,delivered,01/12/2024,1/21/2024,,,
08082t,35352u,64776e,12/19/2023,5,delivered,12/21/2023,12/31/2023,01/07/2024,3,
70664i,77733q,77380y,12/24/2023,2,pending,,,,,
88636v,66818u,85065z,4/30/2023,10,delivered,05/03/2023,05/06/2023,,,
89414h,96093d,95177z,4/19/2023,5,delivered,4/21/2023,4/29/2023,,,
16553v,61619r,74326j,9/22/2023,3,shipped,9/23/2023,,,,
75536c,32283g,21440v,11/10/2023,5,delivered,11/10/2023,11/20/2023,,,
09827t,97146x,31106q,02/10/2024,9,shipped,2/13/2024,,,,
15258k,38964c,78277j,9/27/2023,1,delivered,9/29/2023,10/08/2023,,,
69112k,89513e,88691q,12/21/2023,1,delivered,12/22/2023,01/03/2024,1/13/2024,3,
90181k,70849a,85163t,4/29/2023,1,delivered,05/01/2023,05/10/2023,,,
30667t,66812h,82417v,11/12/2023,5,delivered,11/13/2023,11/17/2023,12/05/2023,5,
93888d,44932e,97711l,7/21/2023,9,delivered,7/24/2023,7/29/2023,08/11/2023,5,Needs better instructions for setup.
83664u,96093d,48150m,2/21/2024,10,shipped,2/22/2024,,,,
66955j,76537i,53286c,03/01/2023,5,delivered,03/04/2023,03/10/2023,,,
51888w,97696g,66048l,10/24/2023,8,delivered,10/25/2023,10/30/2023,,,
26233x,51188v,24952a,08/12/2023,3,delivered,8/13/2023,8/21/2023,,,
25263n,89513e,75982l,09/06/2023,8,shipped,09/07/2023,,,,
73063u,97146x,73939b,06/06/2023,2,processing,06/08/2023,,,,
92868i,74115u,27099c,12/13/2023,5,processing,12/15/2023,,,,
00445t,70801v,31982j,03/03/2023,10,delivered,03/06/2023,03/12/2023,3/20/2023,2,"Works perfectly, exactly what I needed!"
15516t,92348m,31610d,8/15/2023,2,shipped,8/17/2023,,,,
85621d,05313r,45819t,6/25/2023,5,shipped,6/25/2023,,,,
30932d,09157y,20295e,8/29/2023,6,shipped,8/29/2023,,,,
13951v,75825u,81516l,6/14/2023,1,shipped,6/15/2023,,,,
66285l,04866x,48088d,5/15/2023,10,delivered,5/18/2023,5/21/2023,,,
38112r,91921x,97338x,3/24/2023,8,delivered,3/25/2023,04/06/2023,04/09/2023,4,"Great product, very satisfied with its performance!"
21925k,29780w,64242h,5/31/2023,1,delivered,06/03/2023,06/07/2023,,,
11450b,44932e,66048l,09/01/2023,2,delivered,09/01/2023,9/14/2023,9/25/2023,4,Easy to use and convenient.
55435p,58686s,02510u,6/19/2023,5,delivered,6/20/2023,6/29/2023,07/09/2023,3,"Impressive design, but functionality could be improved."
17692j,09903v,83931b,03/11/2023,3,delivered,03/11/2023,3/23/2023,3/31/2023,2,
35383c,87193b,88691q,8/28/2023,7,delivered,8/31/2023,09/06/2023,9/18/2023,2,Highly recommended! This product exceeded my expectations.
39507y,05470e,45819t,05/08/2023,10,delivered,05/08/2023,5/14/2023,,,
51853l,19560r,94269v,2/22/2024,4,delivered,2/25/2024,2/29/2024,03/10/2024,3,"Great product, very satisfied with its performance!"
15264f,57146f,12363m,07/10/2023,5,delivered,07/12/2023,7/19/2023,,,
74355b,35352u,20295e,5/19/2023,3,delivered,5/19/2023,5/28/2023,,,
93557s,32283g,11932o,7/22/2023,8,pending,,,,,
14878n,41589h,48088d,7/31/2023,7,processing,08/01/2023,,,,
17040p,04537j,33224p,09/01/2023,6,delivered,09/01/2023,09/09/2023,,,
68952r,38964c,29754z,1/28/2024,10,shipped,1/28/2024,,,,
19829v,04866x,61340n,12/02/2023,8,delivered,12/02/2023,12/08/2023,,,
92534m,50935w,12490g,03/04/2023,5,delivered,03/07/2023,3/17/2023,,,
31546i,97696g,95177z,8/21/2023,9,delivered,8/24/2023,8/26/2023,,,
84168o,61619r,19648f,10/28/2023,4,delivered,10/31/2023,11/03/2023,,,
44888q,86200y,32750s,7/17/2023,1,processing,7/17/2023,,,,
05255l,30842q,68153q,4/23/2023,5,processing,4/23/2023,,,,
92099x,29780w,00908q,08/05/2023,10,shipped,08/07/2023,,,,
46549a,09157y,02931a,4/24/2023,2,delivered,4/25/2023,4/30/2023,05/12/2023,4,"Impressive design, but functionality could be improved."
17071m,77733q,02090u,10/04/2023,3,delivered,10/04/2023,10/09/2023,10/27/2023,5,
20695g,48745d,45009e,10/08/2023,8,delivered,10/09/2023,10/13/2023,11/01/2023,3,"Works perfectly, exactly what I needed!"
93641p,45672n,02090u,6/30/2023,5,delivered,07/03/2023,07/05/2023,7/23/2023,4,"Impressive design, but functionality could be improved."
00917i,74833d,81516l,1/19/2024,6,delivered,1/19/2024,1/25/2024,02/03/2024,1,
43726b,65425n,83931b,1/27/2024,2,delivered,1/28/2024,02/01/2024,2/13/2024,1,
51774n,99498p,63937j,7/13/2023,2,delivered,7/13/2023,7/27/2023,,,
01673x,96093d,81516l,12/06/2023,8,delivered,12/07/2023,12/14/2023,,,
31023s,09903v,02090u,2/18/2024,8,delivered,2/20/2024,2/26/2024,,,
25446p,74115u,09112u,10/19/2023,1,delivered,10/21/2023,10/28/2023,11/09/2023,1,"Great product, very satisfied with its performance!"
01785w,75825u,70177q,11/23/2023,5,delivered,11/26/2023,12/05/2023,,,
26970v,38964c,31982j,01/06/2024,3,processing,01/07/2024,,,,
89026r,91921x,48150m,04/10/2023,4,delivered,04/10/2023,4/16/2023,4/30/2023,3,"Average product, nothing special about it."
22356j,76537i,83500s,08/01/2023,4,delivered,08/02/2023,08/06/2023,,,
51745i,70849a,06727r,01/09/2024,5,processing,01/11/2024,,,,
69373s,39884g,02931a,10/09/2023,1,delivered,10/12/2023,10/13/2023,,,
89718c,66818u,83500s,2/14/2024,8,delivered,2/15/2024,2/21/2024,03/05/2024,4,Quality could be better for the price.
29111a,73496p,00613n,02/11/2024,5,delivered,2/13/2024,2/22/2024,03/03/2024,5,Needs better instructions for setup.
76100z,70801v,30871m,2/15/2024,7,delivered,2/18/2024,2/20/2024,03/09/2024,3,
94317p,01054m,93680s,12/19/2023,4,delivered,12/20/2023,12/31/2023,01/07/2024,1,
22760s,57146f,00908q,9/23/2023,3,delivered,9/24/2023,9/29/2023,,,
14904h,58686s,75992v,10/08/2023,8,delivered,10/11/2023,10/12/2023,,,
97745k,35352u,75135q,6/26/2023,8,delivered,6/29/2023,07/06/2023,,,
76569m,89513e,31346s,6/13/2023,2,delivered,6/16/2023,6/23/2023,07/06/2023,5,
50029v,61619r,27297s,12/26/2023,1,delivered,12/28/2023,01/08/2024,,,
56161t,74115u,30871m,11/12/2023,9,pending,,,,,
72900x,30842q,30871m,7/19/2023,5,delivered,7/20/2023,7/28/2023,08/09/2023,1,
51914u,41589h,33467h,09/12/2023,1,shipped,09/12/2023,,,,
73006s,57146f,95903a,10/21/2023,5,processing,10/24/2023,,,,
72236c,66812h,02510u,5/29/2023,6,pending,,,,,
81978c,96093d,78277j,1/16/2024,9,delivered,1/18/2024,1/27/2024,02/06/2024,4,"Great product, very satisfied with its performance!"
92924l,51188v,81516l,10/23/2023,10,delivered,10/23/2023,11/04/2023,,,
47928p,05470e,82417v,5/27/2023,9,delivered,5/27/2023,06/03/2023,06/12/2023,5,"Works perfectly, exactly what I needed!"
97832q,19560r,27297s,06/09/2023,4,delivered,06/12/2023,6/20/2023,07/03/2023,1,
37388y,14431h,57571j,11/29/2023,9,delivered,11/29/2023,12/10/2023,12/24/2023,2,Disappointing. Didn't meet my needs as expected.
79381u,09157y,45009e,7/21/2023,9,delivered,7/22/2023,08/04/2023,08/05/2023,1,
66870n,75825u,00613n,12/07/2023,1,delivered,12/09/2023,12/20/2023,12/29/2023,1,Disappointing. Didn't meet my needs as expected.
75699r,70849a,66048l,12/20/2023,2,processing,12/22/2023,,,,
13289z,39884g,95332p,10/18/2023,10,delivered,10/18/2023,10/23/2023,11/02/2023,2,
38547s,73496p,97711l,1/13/2024,4,shipped,1/16/2024,,,,
33131a,05313r,04151d,09/03/2023,8,processing,09/03/2023,,,,
84215j,66818u,83931b,12/10/2023,2,delivered,12/13/2023,12/15/2023,,,
37993o,50935w,31701h,03/12/2023,10,delivered,3/14/2023,3/22/2023,3/31/2023,5,
70085w,97696g,24752z,12/20/2023,5,pending,,,,,
77645x,01054m,95332p,04/01/2023,6,delivered,04/02/2023,04/08/2023,,,
16673f,92348m,99297w,11/18/2023,7,delivered,11/18/2023,12/01/2023,,,
62375t,44932e,45009e,06/07/2023,1,delivered,06/10/2023,6/21/2023,,,
42927m,32283g,10638s,4/27/2023,5,delivered,4/28/2023,05/02/2023,,,
89607i,61619r,20295e,11/12/2023,8,delivered,11/14/2023,11/16/2023,,,
27908m,92348m,97711l,12/08/2023,5,shipped,12/10/2023,,,,
40906p,97696g,95177z,4/13/2023,4,delivered,4/14/2023,4/20/2023,05/07/2023,5,Quality could be better for the price.
89558o,51188v,03736b,9/17/2023,3,delivered,9/18/2023,9/24/2023,10/02/2023,5,
38523c,50935w,97338x,10/09/2023,5,delivered,10/12/2023,10/22/2023,11/01/2023,4,
91622s,76537i,57571j,05/02/2023,9,shipped,05/03/2023,,,,
14017r,05470e,17115k,1/31/2024,8,delivered,1/31/2024,02/09/2024,,,
15173q,45672n,47973g,07/12/2023,3,delivered,7/13/2023,7/24/2023,,,
59596s,48745d,29754z,06/08/2023,8,shipped,06/08/2023,,,,
53516p,38964c,95177z,12/06/2023,2,delivered,12/06/2023,12/12/2023,,,
15549z,87193b,29754z,09/03/2023,1,shipped,09/06/2023,,,,
09291d,30842q,30871m,11/04/2023,1,delivered,11/06/2023,11/09/2023,11/25/2023,3,
29676o,39884g,20295e,11/14/2023,3,delivered,11/15/2023,11/22/2023,12/07/2023,3,
77542h,83161t,56764d,01/05/2024,6,delivered,01/05/2024,1/15/2024,1/29/2024,1,"Works perfectly, exactly what I needed!"
17918e,57146f,78277j,7/28/2023,6,delivered,7/29/2023,08/06/2023,8/22/2023,4,Easy to use and convenient.
90864r,04537j,20472b,08/02/2023,3,delivered,08/05/2023,08/12/2023,,,
21933j,29780w,83500s,8/27/2023,3,pending,,,,,
39914q,73496p,32750s,08/06/2023,6,delivered,08/09/2023,8/20/2023,,,
58474o,86200y,66048l,2/21/2024,3,delivered,2/23/2024,2/26/2024,,,
81068y,97146x,31982j,11/30/2023,2,delivered,12/02/2023,12/04/2023,12/17/2023,3,
11475i,88437p,17115k,6/14/2023,3,processing,6/17/2023,,,,
39994x,74833d,12490g,6/25/2023,6,delivered,6/28/2023,6/30/2023,,,
15840q,41589h,31701h,7/30/2023,8,delivered,7/31/2023,08/10/2023,,,
25301y,19560r,20472b,1/25/2024,10,delivered,1/28/2024,02/06/2024,,,
90329c,01054m,31610d,12/13/2023,2,delivered,12/13/2023,12/26/2023,12/31/2023,4,
10908t,65425n,95332p,12/10/2023,6,delivered,12/10/2023,12/17/2023,12/31/2023,4,"Average product, nothing special about it."
78441s,66818u,17115k,4/21/2023,10,delivered,4/23/2023,4/26/2023,5/14/2023,3,
24217c,77733q,48088d,07/05/2023,6,delivered,07/06/2023,7/18/2023,,,
23953r,14431h,61340n,03/12/2023,6,delivered,3/15/2023,3/23/2023,,,
05908y,57146f,95948c,02/07/2024,4,delivered,02/07/2024,02/11/2024,03/01/2024,3,Disappointing. Didn't meet my needs as expected.
86571r,92348m,08380s,11/07/2023,5,delivered,11/09/2023,11/14/2023,12/02/2023,1,
76678y,29780w,07681m,2/13/2024,9,delivered,2/16/2024,2/20/2024,2/28/2024,4,Good value for money. Does the job well.
07347y,74833d,06727r,10/18/2023,9,delivered,10/18/2023,10/25/2023,,,
81945v,44932e,63937j,11/18/2023,2,shipped,11/19/2023,,,,
05649r,96093d,00908q,2/25/2024,8,processing,2/25/2024,,,,
19958h,09903v,45819t,3/25/2023,5,delivered,3/27/2023,3/29/2023,04/09/2023,2,"Great product, very satisfied with its performance!"
83240f,88437p,56764d,9/26/2023,3,delivered,9/26/2023,10/03/2023,10/11/2023,3,"Great product, very satisfied with its performance!"
98912r,70801v,00613n,02/06/2024,4,delivered,02/07/2024,2/15/2024,2/25/2024,5,"Average product, nothing special about it."
69324i,45672n,02510u,12/27/2023,6,delivered,12/29/2023,01/05/2024,,,
07379y,86200y,29734l,2/18/2024,1,delivered,2/18/2024,03/01/2024,,,
07375h,58686s,31106q,9/14/2023,3,delivered,9/16/2023,9/26/2023,,,
09650n,99498p,48088d,10/16/2023,10,delivered,10/19/2023,10/27/2023,10/31/2023,5,Disappointing. Didn't meet my needs as expected.
99373d,30842q,63937j,02/08/2024,3,delivered,02/11/2024,2/13/2024,03/04/2024,2,Quality could be better for the price.
79240c,74115u,85065z,12/22/2023,5,delivered,12/25/2023,12/27/2023,,,
01915z,48745d,46392k,6/22/2023,8,delivered,6/24/2023,07/04/2023,07/09/2023,4,Good value for money. Does the job well.
87325c,09157y,97338x,3/18/2023,10,delivered,3/18/2023,3/30/2023,,,
05724g,05470e,12363m,9/24/2023,9,processing,9/24/2023,,,,
94496r,76537i,02090u,6/15/2023,5,delivered,6/15/2023,6/25/2023,,,
80057j,35352u,20472b,01/08/2024,2,delivered,01/08/2024,1/19/2024,,,
98744f,87193b,00908q,5/30/2023,6,delivered,5/30/2023,06/08/2023,6/18/2023,3,Good value for money. Does the job well.
16659f,89513e,00908q,03/12/2023,8,processing,3/14/2023,,,,
98155x,51188v,19648f,05/03/2023,6,pending,,,,,
83427t,39884g,65763w,8/18/2023,3,processing,8/18/2023,,,,
56092s,91921x,85065z,10/05/2023,2,delivered,10/07/2023,10/18/2023,10/21/2023,1,Good value for money. Does the job well.
54234b,01054m,31701h,11/23/2023,6,delivered,11/25/2023,12/01/2023,12/12/2023,5,Easy to use and convenient.
58220d,66812h,80153c,09/03/2023,7,delivered,09/04/2023,09/09/2023,9/18/2023,4,Disappointing. Didn't meet my needs as expected.
14422z,05470e,21440v,2/21/2024,2,delivered,2/22/2024,2/28/2024,3/16/2024,3,"Great product, very satisfied with its performance!"
51901v,45672n,68153q,3/27/2023,10,delivered,3/28/2023,04/09/2023,4/15/2023,1,
85731s,38964c,89860e,6/27/2023,4,pending,,,,,
43812n,70801v,09112u,2/19/2024,7,delivered,2/22/2024,2/27/2024,,,
25160f,74833d,20472b,1/16/2024,9,delivered,1/18/2024,1/22/2024,,,
53681x,14431h,45009e,04/04/2023,10,delivered,04/06/2023,04/09/2023,,,
36266u,04866x,94269v,12/02/2023,1,pending,,,,,
58917l,70849a,89860e,09/04/2023,6,delivered,09/05/2023,9/13/2023,9/25/2023,3,
32841u,76537i,29734l,01/12/2024,4,shipped,1/15/2024,,,,
68535t,97696g,20472b,1/24/2024,1,delivered,1/25/2024,02/06/2024,02/08/2024,3,
13407t,83161t,31610d,06/10/2023,8,delivered,06/11/2023,6/19/2023,,,
17051q,41589h,31346s,4/24/2023,5,delivered,4/25/2023,4/30/2023,5/13/2023,1,
74447s,50935w,85163t,12/25/2023,4,processing,12/26/2023,,,,
54023d,89513e,85065z,5/16/2023,2,delivered,5/16/2023,5/25/2023,,,
82905y,35352u,46392k,04/07/2023,10,delivered,04/10/2023,4/21/2023,4/28/2023,2,"Works perfectly, exactly what I needed!"
01182z,86200y,75982l,1/17/2024,3,processing,1/19/2024,,,,
59689f,87193b,97711l,01/09/2024,3,processing,01/10/2024,,,,
48337b,66818u,08380s,7/27/2023,10,delivered,7/29/2023,08/05/2023,8/18/2023,3,Good value for money. Does the job well.
95688u,51188v,46392k,1/18/2024,3,delivered,1/18/2024,1/28/2024,02/09/2024,1,"Average product, nothing special about it."
75385f,77733q,85089g,12/12/2023,1,delivered,12/13/2023,12/16/2023,,,
36997m,74115u,06727r,08/12/2023,5,delivered,8/13/2023,8/18/2023,09/06/2023,3,Good value for money. Does the job well.
56247t,12116r,17115k,09/11/2023,8,delivered,9/13/2023,9/25/2023,,,
02507u,09157y,19648f,11/08/2023,3,delivered,11/09/2023,11/20/2023,,,
77260h,65425n,70177q,5/23/2023,10,shipped,5/23/2023,,,,
90191h,99498p,05847e,12/30/2023,2,delivered,12/31/2023,01/07/2024,,,
64457p,44932e,45387s,11/24/2023,2,delivered,11/25/2023,12/02/2023,12/15/2023,3,Good value for money. Does the job well.
99440w,87193b,20295e,6/29/2023,3,pending,,,,,
36039d,58686s,83500s,4/30/2023,8,shipped,4/30/2023,,,,
90896a,70801v,19584d,08/12/2023,10,delivered,8/15/2023,8/18/2023,,,
03102n,05470e,95332p,10/03/2023,1,processing,10/03/2023,,,,
21692j,73496p,75135q,10/09/2023,5,delivered,10/12/2023,10/18/2023,10/30/2023,2,
61189a,05313r,45387s,3/31/2023,10,delivered,3/31/2023,4/13/2023,4/17/2023,5,
90348g,57146f,19648f,12/18/2023,6,delivered,12/20/2023,12/25/2023,01/02/2024,5,
23291h,88437p,27099c,03/02/2023,4,delivered,03/04/2023,03/07/2023,,,
42752h,97146x,19584d,3/14/2023,1,shipped,3/16/2023,,,,
34848l,35352u,64776e,12/02/2023,9,pending,,,,,
87324s,04866x,75982l,05/06/2023,2,shipped,05/08/2023,,,,
15980e,66818u,02510u,12/29/2023,9,delivered,01/01/2024,01/08/2024,,,
15877s,61619r,94269v,11/23/2023,5,delivered,11/24/2023,11/28/2023,,,
93045v,09903v,45819t,12/04/2023,2,delivered,12/07/2023,12/17/2023,12/25/2023,2,
03899m,01054m,34220z,04/01/2023,6,processing,04/02/2023,,,,
90856n,96093d,05847e,02/02/2024,8,shipped,02/02/2024,,,,
68336i,48745d,45009e,6/19/2023,9,delivered,6/21/2023,07/03/2023,,,
97453a,45672n,06727r,3/24/2023,3,shipped,3/25/2023,,,,
28779t,29780w,31106q,6/13/2023,1,delivered,6/15/2023,6/22/2023,07/01/2023,2,
20226s,83161t,56764d,05/03/2023,9,pending,,,,,
15877e,30842q,31610d,2/24/2024,10,delivered,2/24/2024,03/07/2024,03/10/2024,1,"Average product, nothing special about it."
79173j,38964c,61340n,3/15/2023,3,delivered,3/17/2023,3/24/2023,,,
84809x,66812h,31982j,10/29/2023,10,delivered,10/30/2023,11/03/2023,11/17/2023,1,Needs better instructions for setup.
48938g,74115u,31701h,10/01/2023,5,delivered,10/04/2023,10/10/2023,,,
28876i,50935w,17115k,12/05/2023,8,processing,12/07/2023,,,,
95494d,70801v,34220z,12/30/2023,6,delivered,01/01/2024,01/03/2024,1/17/2024,5,Highly recommended! This product exceeded my expectations.
15568f,96093d,34220z,10/15/2023,6,shipped,10/16/2023,,,,
88081t,39884g,89860e,01/11/2024,4,pending,,,,,
62194q,92348m,45819t,9/16/2023,9,delivered,9/16/2023,9/29/2023,,,
36439q,87193b,12363m,12/01/2023,4,delivered,12/02/2023,12/11/2023,12/24/2023,2,
21716b,41589h,75992v,10/15/2023,1,delivered,10/17/2023,10/28/2023,11/04/2023,1,
87345s,99498p,56764d,10/24/2023,8,delivered,10/26/2023,11/04/2023,,,
93614n,76537i,93499u,11/09/2023,6,shipped,11/10/2023,,,,
60456e,32283g,33467h,07/04/2023,2,shipped,07/05/2023,,,,
64023n,09903v,47973g,4/14/2023,1,shipped,4/16/2023,,,,
66459d,09157y,82417v,10/01/2023,4,delivered,10/03/2023,10/11/2023,,,
27605h,65425n,08380s,8/26/2023,1,shipped,8/29/2023,,,,
98313g,01054m,66394f,05/03/2023,2,delivered,05/03/2023,05/11/2023,,,
13654h,04537j,45819t,02/02/2024,7,delivered,02/04/2024,2/15/2024,2/25/2024,3,Disappointing. Didn't meet my needs as expected.
95503y,57146f,12363m,07/06/2023,7,delivered,07/09/2023,7/17/2023,,,
31055i,14431h,17115k,7/22/2023,5,delivered,7/25/2023,7/27/2023,,,
86639l,44932e,10638s,10/02/2023,7,delivered,10/05/2023,10/08/2023,10/18/2023,2,
33524b,70849a,07681m,8/17/2023,1,processing,8/18/2023,,,,
81499u,05313r,31610d,8/30/2023,4,delivered,09/01/2023,9/13/2023,9/14/2023,1,Easy to use and convenient.
30474r,61619r,45009e,2/20/2024,5,delivered,2/21/2024,03/04/2024,,,
70431r,86200y,68153q,05/06/2023,10,shipped,05/07/2023,,,,
02099g,97696g,83931b,10/23/2023,5,delivered,10/26/2023,10/27/2023,,,
30115s,29780w,05847e,11/26/2023,10,shipped,11/28/2023,,,,
73575e,83161t,94269v,2/24/2024,7,shipped,2/24/2024,,,,
05340v,58686s,64776e,4/17/2023,8,delivered,4/20/2023,05/01/2023,,,
28977h,09903v,89860e,5/30/2023,1,delivered,5/30/2023,6/13/2023,,,
25807s,04537j,21440v,03/06/2023,9,delivered,03/08/2023,3/15/2023,,,
71732e,19560r,94269v,08/08/2023,10,shipped,08/09/2023,,,,
95198u,05470e,83931b,06/02/2023,2,pending,,,,,
51727u,73496p,88691q,01/08/2024,1,delivered,01/09/2024,01/12/2024,,,
97997s,91921x,33467h,10/02/2023,8,delivered,10/02/2023,10/07/2023,10/17/2023,1,
49363t,83161t,70177q,9/14/2023,4,processing,9/17/2023,,,,
90937w,09157y,07681m,08/09/2023,4,delivered,08/11/2023,8/23/2023,,,
92630q,30842q,08380s,6/16/2023,3,delivered,6/18/2023,6/26/2023,07/06/2023,2,
25896q,88437p,89860e,12/12/2023,10,delivered,12/15/2023,12/16/2023,12/29/2023,4,Needs better instructions for setup.
75930z,97146x,56764d,1/26/2024,5,delivered,1/29/2024,02/02/2024,,,
48868x,05313r,31701h,5/24/2023,8,delivered,5/25/2023,06/02/2023,,,
54207d,04866x,02510u,9/29/2023,6,delivered,10/01/2023,10/06/2023,,,
33817j,65425n,65763w,12/13/2023,6,delivered,12/15/2023,12/26/2023,12/30/2023,4,Easy to use and convenient.
37054d,50935w,61340n,09/12/2023,1,shipped,9/14/2023,,,,
96237e,86200y,10638s,03/02/2023,8,delivered,03/04/2023,03/10/2023,3/26/2023,5,"Impressive design, but functionality could be improved."
24846t,74115u,20472b,08/01/2023,8,processing,08/04/2023,,,,
68648r,89513e,56764d,4/19/2023,3,delivered,4/20/2023,4/26/2023,,,
06394v,76537i,66394f,8/23/2023,1,delivered,8/24/2023,8/28/2023,,,
73452w,74833d,66394f,4/18/2023,8,processing,4/20/2023,,,,
51681k,70849a,53286c,2/26/2023,4,delivered,2/27/2023,03/10/2023,3/16/2023,1,Good value for money. Does the job well.
52170h,75825u,31701h,8/15/2023,7,delivered,8/16/2023,8/29/2023,,,
90290z,01054m,45009e,07/08/2023,3,delivered,07/10/2023,7/19/2023,,,
45348a,87193b,64242h,06/08/2023,9,delivered,06/08/2023,6/18/2023,,,
43556r,70801v,31701h,10/24/2023,2,delivered,10/27/2023,11/05/2023,11/11/2023,3,"Impressive design, but functionality could be improved."
58302w,01054m,78277j,8/24/2023,8,processing,8/27/2023,,,,
24526z,83161t,81516l,09/06/2023,3,delivered,09/06/2023,09/11/2023,9/24/2023,3,
72766y,19560r,31106q,1/21/2024,7,delivered,1/24/2024,1/28/2024,02/10/2024,3,Easy to use and convenient.
07929f,29780w,24952a,11/10/2023,7,delivered,11/13/2023,11/24/2023,12/03/2023,2,
88365f,99498p,02931a,12/21/2023,1,delivered,12/21/2023,01/03/2024,1/14/2024,5,"Great product, very satisfied with its performance!"
18569x,51188v,45819t,5/13/2023,7,delivered,5/15/2023,5/20/2023,06/05/2023,4,"Impressive design, but functionality could be improved."
81138o,57146f,27321g,3/18/2023,4,delivered,3/19/2023,3/27/2023,,,
54672g,58686s,45819t,11/13/2023,8,delivered,11/15/2023,11/20/2023,,,
84631c,91921x,61340n,07/09/2023,6,pending,,,,,
98814n,89513e,68153q,07/02/2023,6,delivered,07/03/2023,07/09/2023,7/20/2023,2,"Great product, very satisfied with its performance!"
63775x,39884g,73939b,7/31/2023,3,delivered,08/02/2023,08/04/2023,8/23/2023,1,
38589b,73496p,78277j,01/10/2024,7,pending,,,,,
72204l,41589h,64242h,12/16/2023,10,shipped,12/17/2023,,,,
55412x,74115u,95177z,11/04/2023,9,delivered,11/06/2023,11/10/2023,,,
24051r,44932e,08380s,2/21/2024,9,delivered,2/21/2024,2/26/2024,,,
11315h,09157y,66048l,10/16/2023,3,delivered,10/16/2023,10/23/2023,,,
07199j,32283g,31610d,8/26/2023,7,delivered,8/29/2023,09/03/2023,9/15/2023,1,Needs better instructions for setup.
41508y,35352u,65763w,5/27/2023,10,delivered,5/27/2023,06/06/2023,6/16/2023,5,
37978i,12116r,73939b,11/02/2023,1,processing,11/03/2023,,,,
87669t,87193b,21440v,12/03/2023,10,delivered,12/04/2023,12/08/2023,12/27/2023,2,
69935k,66812h,07190d,2/20/2024,2,delivered,2/22/2024,2/26/2024,3/16/2024,4,
11375x,70849a,00908q,11/20/2023,2,delivered,11/23/2023,11/25/2023,12/14/2023,4,
27547n,96093d,83931b,8/15/2023,8,delivered,8/15/2023,8/27/2023,,,
38196n,77733q,05847e,5/22/2023,1,delivered,5/23/2023,5/31/2023,06/06/2023,2,
82749p,74833d,53286c,9/26/2023,7,delivered,9/29/2023,10/02/2023,10/11/2023,1,
32428x,88437p,21440v,05/01/2023,7,delivered,05/02/2023,05/09/2023,5/21/2023,1,
84416q,48745d,85065z,2/16/2024,1,delivered,2/18/2024,2/20/2024,,,
77048j,66812h,48150m,6/26/2023,8,shipped,6/26/2023,,,,
87335l,92348m,53286c,12/30/2023,5,delivered,01/02/2024,01/05/2024,,,
91688c,77733q,10638s,5/30/2023,4,shipped,06/02/2023,,,,
38241o,38964c,78277j,12/27/2023,2,delivered,12/28/2023,01/07/2024,1/19/2024,1,Needs better instructions for setup.
12245k,65425n,75992v,1/26/2024,10,delivered,1/29/2024,02/03/2024,,,
09632f,58686s,56764d,04/05/2023,8,delivered,04/08/2023,4/18/2023,,,
30128a,30842q,29754z,03/03/2023,7,delivered,03/03/2023,3/14/2023,,,
16419p,19560r,12490g,10/27/2023,8,delivered,10/28/2023,11/03/2023,,,
84142b,97696g,19584d,5/18/2023,5,delivered,5/19/2023,5/24/2023,06/11/2023,3,
46732s,05470e,07681m,7/30/2023,10,processing,7/31/2023,,,,
39278h,01054m,31982j,10/28/2023,4,delivered,10/28/2023,11/06/2023,,,
33088p,32283g,27297s,08/05/2023,8,processing,08/08/2023,,,,
29632z,83161t,97338x,02/03/2024,10,processing,02/06/2024,,,,
16125h,29780w,57571j,11/04/2023,3,delivered,11/06/2023,11/08/2023,11/25/2023,5,
67130u,70801v,09112u,08/06/2023,10,delivered,08/08/2023,8/17/2023,,,
78927a,45672n,31610d,05/05/2023,7,delivered,05/07/2023,5/14/2023,,,
88835r,89513e,89860e,01/03/2024,6,shipped,01/05/2024,,,,
14567w,86200y,00613n,7/14/2023,1,delivered,7/15/2023,7/21/2023,08/01/2023,2,"Average product, nothing special about it."
48829c,05313r,07190d,01/12/2024,3,shipped,1/13/2024,,,,
40163c,12116r,83500s,10/10/2023,9,shipped,10/10/2023,,,,
26552o,88437p,27297s,11/02/2023,7,delivered,11/03/2023,11/10/2023,11/22/2023,5,Highly recommended! This product exceeded my expectations.
96698w,35352u,45819t,12/26/2023,4,delivered,12/26/2023,12/31/2023,,,
44912p,09157y,04151d,1/24/2024,10,delivered,1/24/2024,02/01/2024,,,
51761h,87193b,03736b,09/05/2023,2,delivered,09/06/2023,9/16/2023,,,
36295g,97146x,64776e,09/09/2023,7,delivered,09/09/2023,9/16/2023,,,
02066c,70849a,45819t,1/14/2024,7,processing,1/17/2024,,,,
14614h,44932e,75992v,4/19/2023,9,delivered,4/19/2023,4/26/2023,,,
65507a,76537i,73939b,11/30/2023,5,delivered,11/30/2023,12/05/2023,12/15/2023,2,"Great product, very satisfied with its performance!"
91608v,29780w,34220z,9/29/2023,6,delivered,10/01/2023,10/03/2023,,,
97758z,39884g,31106q,8/30/2023,8,delivered,09/01/2023,09/04/2023,9/20/2023,4,
66643g,12116r,12490g,06/09/2023,7,delivered,06/10/2023,6/17/2023,,,
41512k,48745d,65763w,11/01/2023,10,delivered,11/02/2023,11/11/2023,11/25/2023,2,Quality could be better for the price.
68082f,05470e,19648f,10/06/2023,1,delivered,10/07/2023,10/12/2023,10/26/2023,4,Quality could be better for the price.
50056g,04866x,86538t,09/05/2023,6,delivered,09/07/2023,09/12/2023,9/29/2023,3,
77626l,70801v,24952a,11/13/2023,8,delivered,11/13/2023,11/23/2023,,,
04067a,66818u,48088d,3/18/2023,6,delivered,3/21/2023,3/29/2023,04/05/2023,5,
40733x,77733q,00908q,12/09/2023,5,pending,,,,,
09100g,96093d,56764d,5/26/2023,10,shipped,5/26/2023,,,,
84332s,91921x,33224p,4/28/2023,3,delivered,4/29/2023,05/11/2023,,,
99940q,66812h,31346s,12/09/2023,6,delivered,12/09/2023,12/19/2023,12/31/2023,4,"Impressive design, but functionality could be improved."
57965k,41589h,97711l,05/08/2023,9,delivered,05/08/2023,5/17/2023,5/29/2023,3,Needs better instructions for setup.
23073m,05313r,31610d,1/27/2024,9,shipped,1/28/2024,,,,
11986n,14431h,86538t,12/03/2023,4,shipped,12/06/2023,,,,
35273l,99498p,20295e,05/03/2023,5,delivered,05/05/2023,5/14/2023,5/19/2023,4,Needs better instructions for setup.
22567m,83161t,66394f,3/19/2023,3,delivered,3/19/2023,3/24/2023,,,
57653c,88437p,95903a,10/15/2023,6,delivered,10/16/2023,10/28/2023,,,
50945i,61619r,64242h,10/30/2023,5,delivered,11/02/2023,11/03/2023,11/16/2023,1,Needs better instructions for setup.
25454m,92348m,00063g,08/09/2023,10,delivered,08/11/2023,8/20/2023,09/01/2023,4,Disappointing. Didn't meet my needs as expected.
30529d,87193b,93680s,10/24/2023,3,delivered,10/25/2023,11/03/2023,,,
18104u,04537j,88691q,5/13/2023,7,delivered,5/14/2023,5/27/2023,06/06/2023,1,"Works perfectly, exactly what I needed!"
84280s,75825u,99297w,3/13/2023,2,delivered,3/15/2023,3/17/2023,04/05/2023,2,Needs better instructions for setup.
32978m,19560r,93499u,1/25/2024,4,delivered,1/28/2024,1/31/2024,,,
37719j,09903v,02931a,10/18/2023,4,shipped,10/20/2023,,,,
18697m,70801v,65763w,09/07/2023,7,delivered,09/09/2023,9/21/2023,9/30/2023,1,
74282t,39884g,08380s,1/27/2024,7,delivered,1/27/2024,02/10/2024,2/14/2024,5,Disappointing. Didn't meet my needs as expected.
27952l,29780w,63937j,09/02/2023,9,delivered,09/02/2023,09/06/2023,9/20/2023,4,
01984y,05470e,27321g,7/30/2023,10,delivered,7/30/2023,08/11/2023,8/24/2023,4,Disappointing. Didn't meet my needs as expected.
06966s,73496p,24752z,1/27/2024,7,delivered,1/27/2024,02/10/2024,2/20/2024,2,
70935q,51188v,56764d,9/24/2023,5,delivered,9/26/2023,10/01/2023,,,
79841w,04537j,75135q,2/23/2024,6,delivered,2/25/2024,2/27/2024,3/17/2024,4,
29338y,74833d,31982j,6/28/2023,5,delivered,07/01/2023,07/11/2023,7/17/2023,2,Good value for money. Does the job well.
62862p,04866x,17115k,6/15/2023,9,delivered,6/17/2023,6/24/2023,,,
51884i,57146f,27321g,9/16/2023,1,delivered,9/18/2023,9/22/2023,10/05/2023,1,Highly recommended! This product exceeded my expectations.
58418d,45672n,81516l,2/17/2024,9,delivered,2/18/2024,2/28/2024,03/07/2024,4,
58246v,05313r,27321g,07/08/2023,5,delivered,07/10/2023,7/18/2023,08/02/2023,4,
97831z,19560r,97711l,2/28/2023,5,delivered,2/28/2023,03/12/2023,,,
87823d,12116r,89860e,1/23/2024,4,delivered,1/25/2024,02/01/2024,02/09/2024,3,Good value for money. Does the job well.
31462k,88437p,85065z,4/13/2023,8,shipped,4/16/2023,,,,
37410m,58686s,97338x,9/15/2023,2,shipped,9/15/2023,,,,
68055i,86200y,45819t,10/16/2023,5,delivered,10/18/2023,10/29/2023,11/06/2023,4,
61154w,77733q,86538t,07/11/2023,10,delivered,7/13/2023,7/21/2023,7/27/2023,5,
07167k,96093d,31346s,12/30/2023,2,pending,,,,,
23949j,48745d,77380y,9/14/2023,2,delivered,9/15/2023,9/22/2023,,,
51446z,30842q,74326j,08/02/2023,2,delivered,08/05/2023,08/10/2023,,,
09260i,87193b,31607j,08/07/2023,4,delivered,08/09/2023,08/12/2023,8/31/2023,2,
01113m,75825u,34220z,8/24/2023,6,delivered,8/25/2023,09/02/2023,09/08/2023,4,
74119d,50935w,83500s,10/12/2023,9,delivered,10/15/2023,10/24/2023,,,
60330w,76537i,48150m,8/19/2023,9,pending,,,,,
97837j,66812h,95948c,10/30/2023,10,delivered,11/02/2023,11/07/2023,,,
04874u,89513e,56764d,08/08/2023,2,pending,,,,,
77385x,70849a,20472b,10/21/2023,2,delivered,10/24/2023,10/31/2023,,,
42989c,09157y,29754z,01/06/2024,2,delivered,01/07/2024,1/19/2024,1/21/2024,5,"Average product, nothing special about it."
82406k,66818u,12363m,12/12/2023,5,delivered,12/13/2023,12/21/2023,,,
56210r,30842q,19648f,4/14/2023,5,delivered,4/16/2023,4/21/2023,4/29/2023,5,
31649a,73496p,24952a,10/02/2023,6,delivered,10/04/2023,10/10/2023,10/23/2023,1,Highly recommended! This product exceeded my expectations.
49435r,48745d,83931b,4/17/2023,6,delivered,4/17/2023,4/27/2023,05/12/2023,5,Highly recommended! This product exceeded my expectations.
39990p,04866x,05847e,07/11/2023,6,delivered,07/12/2023,7/22/2023,,,
28214m,88437p,10638s,7/30/2023,2,shipped,08/02/2023,,,,
10451h,75825u,27297s,10/17/2023,7,delivered,10/20/2023,10/22/2023,,,
22444r,45672n,27099c,08/11/2023,8,delivered,08/12/2023,8/16/2023,,,
61392z,99498p,12363m,03/04/2023,1,delivered,03/04/2023,3/16/2023,3/22/2023,4,
31796z,76537i,80153c,1/29/2024,4,shipped,02/01/2024,,,,
27122e,57146f,45387s,9/24/2023,1,processing,9/25/2023,,,,
86680h,96093d,66048l,4/27/2023,6,shipped,4/27/2023,,,,
88049u,32283g,95948c,9/16/2023,8,delivered,9/16/2023,9/29/2023,,,
17871g,35352u,64242h,3/19/2023,2,delivered,3/19/2023,04/01/2023,04/05/2023,1,Disappointing. Didn't meet my needs as expected.
94703g,97696g,02090u,8/17/2023,6,delivered,8/18/2023,8/30/2023,,,
47990b,89513e,95903a,03/11/2023,3,shipped,03/12/2023,,,,
15770m,58686s,66394f,08/02/2023,2,delivered,08/05/2023,08/07/2023,8/18/2023,1,
98889w,70801v,08380s,8/18/2023,4,delivered,8/20/2023,09/01/2023,09/02/2023,4,
00309z,01054m,82417v,3/28/2023,1,delivered,3/29/2023,04/02/2023,4/20/2023,3,
05658q,38964c,81516l,5/25/2023,3,shipped,5/27/2023,,,,
63236h,05313r,12490g,12/09/2023,5,delivered,12/10/2023,12/17/2023,12/28/2023,4,"Works perfectly, exactly what I needed!"
94773k,14431h,34220z,12/17/2023,10,delivered,12/18/2023,12/25/2023,01/02/2024,5,
32189a,12116r,74326j,5/15/2023,7,delivered,5/17/2023,5/26/2023,06/06/2023,4,"Great product, very satisfied with its performance!"
95982h,39884g,31346s,12/25/2023,10,delivered,12/28/2023,01/08/2024,1/19/2024,5,
60852h,97146x,20295e,04/07/2023,10,processing,04/09/2023,,,,
55200g,83161t,33467h,06/09/2023,1,delivered,06/12/2023,6/13/2023,,,
81133h,99498p,31607j,1/30/2024,9,delivered,1/31/2024,02/10/2024,,,
05493s,48745d,04151d,07/06/2023,6,delivered,07/08/2023,7/18/2023,7/25/2023,1,"Great product, very satisfied with its performance!"
87248r,44932e,48150m,7/22/2023,10,delivered,7/22/2023,08/05/2023,,,
16605t,92348m,56764d,2/14/2024,7,delivered,2/15/2024,2/26/2024,,,
77901e,32283g,93499u,09/02/2023,9,delivered,09/04/2023,09/08/2023,,,
27121x,91921x,32750s,6/16/2023,4,delivered,6/18/2023,6/29/2023,,,
85056y,66818u,31701h,8/22/2023,7,delivered,8/24/2023,8/26/2023,,,
70732t,05470e,97338x,8/18/2023,5,delivered,8/18/2023,8/23/2023,09/08/2023,5,
46535k,50935w,33224p,06/01/2023,7,delivered,06/04/2023,06/08/2023,6/18/2023,3,
75002c,38964c,66048l,08/11/2023,7,delivered,08/11/2023,8/19/2023,,,
31548p,74115u,06727r,4/20/2023,3,pending,,,,,
73430k,29780w,33467h,2/20/2024,3,delivered,2/22/2024,2/28/2024,,,
44768t,09903v,75982l,03/07/2023,3,delivered,03/09/2023,3/15/2023,3/30/2023,4,"Average product, nothing special about it."
57611w,61619r,07190d,5/28/2023,8,delivered,5/29/2023,06/10/2023,,,
71537k,74833d,85163t,03/02/2023,5,delivered,03/04/2023,03/11/2023,3/25/2023,3,
61297p,04537j,05847e,06/01/2023,7,delivered,06/04/2023,06/07/2023,,,
40720l,01054m,53286c,05/10/2023,9,delivered,05/11/2023,5/20/2023,,,
69538f,73496p,20295e,09/03/2023,3,delivered,09/06/2023,09/08/2023,,,
68582q,88437p,30871m,1/23/2024,3,delivered,1/26/2024,02/04/2024,2/14/2024,4,Good value for money. Does the job well.
54546f,14431h,19648f,1/26/2024,1,delivered,1/26/2024,02/09/2024,2/20/2024,5,
05951o,70849a,32750s,1/20/2024,9,delivered,1/20/2024,1/24/2024,2/13/2024,1,
81259v,41589h,48088d,11/09/2023,8,delivered,11/10/2023,11/20/2023,11/28/2023,1,
02024w,97146x,31607j,03/02/2023,1,delivered,03/05/2023,03/09/2023,3/18/2023,5,Quality could be better for the price.
32231d,09157y,89860e,11/18/2023,7,delivered,11/21/2023,11/28/2023,12/12/2023,5,
22341l,04866x,08380s,08/03/2023,1,delivered,08/06/2023,08/11/2023,,,
55773n,30842q,97711l,7/19/2023,8,pending,,,,,
53938n,58686s,86538t,07/11/2023,5,delivered,7/13/2023,7/24/2023,7/27/2023,1,Easy to use and convenient.
58089z,35352u,77380y,1/18/2024,10,delivered,1/18/2024,1/26/2024,,,
25598q,87193b,45009e,12/28/2023,3,delivered,12/28/2023,01/03/2024,,,
33540r,97696g,27099c,7/15/2023,9,delivered,7/18/2023,7/28/2023,08/06/2023,4,Needs better instructions for setup.
77122j,66812h,53286c,6/25/2023,7,delivered,6/25/2023,07/06/2023,07/10/2023,5,
74786u,73496p,75982l,10/12/2023,10,delivered,10/14/2023,10/17/2023,,,
26030i,19560r,21440v,01/07/2024,1,delivered,01/07/2024,01/12/2024,,,
47901r,41589h,24952a,02/09/2024,5,delivered,02/09/2024,2/23/2024,,,
28264s,05313r,45819t,1/15/2024,3,delivered,1/15/2024,1/26/2024,,,
90467n,30842q,81516l,6/14/2023,4,delivered,6/17/2023,6/25/2023,,,
53643h,89513e,08380s,5/18/2023,8,processing,5/19/2023,,,,
54622h,48745d,75135q,3/25/2023,3,delivered,3/28/2023,3/30/2023,,,
83201y,61619r,06727r,12/31/2023,8,pending,,,,,
17179o,01054m,27321g,8/14/2023,1,delivered,8/16/2023,8/22/2023,09/04/2023,2,Disappointing. Didn't meet my needs as expected.
89193z,44932e,32750s,6/16/2023,10,delivered,6/17/2023,6/24/2023,07/11/2023,4,
11657u,12116r,45819t,9/19/2023,1,delivered,9/19/2023,10/02/2023,,,
44173q,99498p,63937j,2/18/2024,9,delivered,2/21/2024,03/03/2024,03/04/2024,3,
52575k,70849a,83931b,2/13/2024,8,processing,2/16/2024,,,,
49120g,04866x,75992v,10/12/2023,7,delivered,10/12/2023,10/16/2023,,,
79320i,09157y,31982j,11/11/2023,1,delivered,11/13/2023,11/19/2023,11/26/2023,1,Easy to use and convenient.
95500a,75825u,85089g,7/26/2023,9,delivered,7/28/2023,08/09/2023,,,
53262m,74115u,45819t,09/09/2023,3,delivered,09/12/2023,9/14/2023,9/25/2023,3,
54965p,57146f,03736b,01/03/2024,1,delivered,01/06/2024,1/13/2024,1/27/2024,2,
02310k,35352u,31610d,1/22/2024,10,shipped,1/23/2024,,,,
23341a,29780w,97338x,12/04/2023,10,delivered,12/07/2023,12/15/2023,,,
97623w,14431h,48088d,6/14/2023,3,delivered,6/15/2023,6/20/2023,,,
82051z,86200y,02931a,10/26/2023,4,delivered,10/26/2023,11/04/2023,,,
09161k,96093d,66394f,10/14/2023,7,delivered,10/16/2023,10/20/2023,,,
51793k,09903v,08380s,9/20/2023,4,shipped,9/23/2023,,,,
89229p,32283g,31346s,7/20/2023,6,delivered,7/23/2023,7/30/2023,,,
61880t,45672n,05847e,11/14/2023,4,processing,11/14/2023,,,,
89240p,44932e,20295e,4/17/2023,10,delivered,4/18/2023,4/29/2023,05/10/2023,5,
79276f,04866x,83931b,10/03/2023,3,delivered,10/04/2023,10/16/2023,,,
74557h,41589h,06727r,1/18/2024,4,delivered,1/19/2024,1/23/2024,02/02/2024,2,"Average product, nothing special about it."
11116f,09903v,68153q,11/02/2023,7,pending,,,,,
36546l,66812h,27297s,06/06/2023,10,shipped,06/08/2023,,,,
59131y,66818u,85065z,10/14/2023,8,delivered,10/14/2023,10/24/2023,10/30/2023,2,
59348r,91921x,11932o,12/04/2023,4,delivered,12/06/2023,12/16/2023,,,
13718r,61619r,93680s,5/28/2023,1,delivered,5/29/2023,06/07/2023,6/17/2023,5,
34110n,09157y,00063g,3/25/2023,1,delivered,3/27/2023,04/02/2023,,,
15630v,58686s,05847e,3/24/2023,4,delivered,3/26/2023,04/03/2023,,,
90953o,14431h,82417v,4/21/2023,10,delivered,4/21/2023,05/02/2023,,,
07704o,92348m,31607j,05/01/2023,9,processing,05/04/2023,,,,
15570w,89513e,31610d,7/22/2023,7,delivered,7/25/2023,7/31/2023,,,
78387g,74833d,48150m,12/26/2023,9,delivered,12/26/2023,01/01/2024,,,
70570a,05313r,12363m,10/19/2023,10,delivered,10/22/2023,10/30/2023,11/04/2023,4,
44152d,65425n,17115k,10/17/2023,2,delivered,10/17/2023,10/26/2023,,,
45930j,99498p,31607j,10/07/2023,10,shipped,10/07/2023,,,,
40362p,29780w,45009e,4/16/2023,10,delivered,4/18/2023,4/30/2023,,,
88854g,76537i,11932o,3/27/2023,2,delivered,3/28/2023,04/03/2023,,,
24143x,87193b,97338x,11/30/2023,3,delivered,12/03/2023,12/07/2023,12/18/2023,5,Highly recommended! This product exceeded my expectations.
95802v,19560r,27297s,12/20/2023,1,delivered,12/21/2023,12/31/2023,01/08/2024,5,
37698h,57146f,93499u,7/27/2023,6,shipped,7/30/2023,,,,
66275d,48745d,06727r,02/02/2024,9,delivered,02/04/2024,2/14/2024,,,
86220f,05470e,97338x,1/27/2024,1,pending,,,,,
64802c,58686s,31982j,4/18/2023,8,delivered,4/19/2023,4/23/2023,,,
53128d,88437p,17115k,2/22/2024,9,processing,2/22/2024,,,,
25582o,96093d,56764d,10/28/2023,1,delivered,10/28/2023,11/09/2023,11/21/2023,1,
45973l,99498p,57571j,12/26/2023,8,pending,,,,,
68292z,04866x,95903a,02/02/2024,3,shipped,02/03/2024,,,,
69298u,76537i,31106q,1/23/2024,6,delivered,1/26/2024,02/04/2024,,,
50785r,50935w,89860e,4/29/2023,4,pending,,,,,
68529z,45672n,05847e,02/01/2024,3,processing,02/02/2024,,,,
89249b,66818u,12363m,11/22/2023,2,delivered,11/22/2023,12/01/2023,12/15/2023,4,Good value for money. Does the job well.
39990x,09903v,07681m,01/12/2024,2,processing,01/12/2024,,,,
54107j,01054m,06727r,06/03/2023,10,delivered,06/06/2023,06/08/2023,6/25/2023,1,
43984o,89513e,56764d,07/12/2023,8,delivered,7/13/2023,7/18/2023,,,
28258g,74115u,27321g,09/06/2023,8,delivered,09/06/2023,9/19/2023,9/23/2023,5,"Average product, nothing special about it."
55042g,48745d,75982l,8/23/2023,6,delivered,8/25/2023,8/27/2023,,,
54778w,65425n,99297w,2/16/2024,7,pending,,,,,
15805i,41589h,45009e,10/24/2023,10,delivered,10/27/2023,11/07/2023,,,
46715b,92348m,31346s,1/24/2024,7,delivered,1/25/2024,02/04/2024,,,
42240l,09157y,31106q,7/24/2023,7,delivered,7/26/2023,08/02/2023,8/17/2023,2,
73965s,51188v,63937j,12/14/2023,6,delivered,12/14/2023,12/23/2023,01/07/2024,3,"Works perfectly, exactly what I needed!"
39790t,30842q,53286c,05/06/2023,8,delivered,05/06/2023,05/10/2023,5/25/2023,2,
51019v,32283g,95948c,04/11/2023,2,delivered,04/12/2023,4/20/2023,,,
03642p,44932e,12490g,03/01/2023,4,delivered,03/03/2023,03/08/2023,,,
67035w,97696g,81516l,10/09/2023,10,shipped,10/10/2023,,,,
95457f,05470e,65763w,3/20/2023,4,delivered,3/20/2023,3/31/2023,04/06/2023,1,
19566g,91921x,57571j,12/06/2023,4,processing,12/06/2023,,,,
88320q,75825u,86538t,3/30/2023,8,delivered,3/30/2023,04/09/2023,,,
02083y,86200y,85089g,12/11/2023,2,delivered,12/12/2023,12/23/2023,12/31/2023,3,
62736j,38964c,99297w,7/29/2023,2,pending,,,,,
83838m,30842q,27321g,2/16/2024,10,delivered,2/16/2024,2/21/2024,03/06/2024,5,"Great product, very satisfied with its performance!"
00902p,73496p,65763w,03/09/2023,6,delivered,03/09/2023,3/16/2023,3/27/2023,1,
89803s,75825u,33467h,12/09/2023,5,shipped,12/12/2023,,,,
42027p,19560r,47973g,2/15/2024,7,delivered,2/17/2024,2/29/2024,03/10/2024,4,"Average product, nothing special about it."
24417g,05470e,47973g,02/01/2024,3,shipped,02/04/2024,,,,
37232i,58686s,32750s,3/15/2023,9,delivered,3/18/2023,3/28/2023,3/30/2023,4,"Impressive design, but functionality could be improved."
73960e,44932e,20472b,3/29/2023,2,delivered,3/29/2023,04/08/2023,,,
41075s,12116r,81516l,7/17/2023,5,delivered,7/20/2023,7/28/2023,08/10/2023,1,"Average product, nothing special about it."
55067p,14431h,32750s,5/28/2023,9,delivered,5/30/2023,06/03/2023,,,
77524n,29780w,27099c,5/21/2023,1,delivered,5/24/2023,5/26/2023,6/13/2023,1,
88436l,32283g,48150m,12/09/2023,2,delivered,12/11/2023,12/17/2023,,,
18683a,57146f,06727r,4/27/2023,6,shipped,4/29/2023,,,,
00689b,48745d,07190d,4/18/2023,2,delivered,4/21/2023,4/29/2023,,,
46149c,89513e,97711l,01/05/2024,4,shipped,01/05/2024,,,,
35942x,97146x,45819t,08/06/2023,9,shipped,08/06/2023,,,,
27498f,74115u,29734l,04/04/2023,10,delivered,04/05/2023,04/11/2023,,,
88341h,66812h,00613n,02/05/2024,4,delivered,02/08/2024,2/14/2024,,,
52821f,39884g,09112u,4/26/2023,3,delivered,4/28/2023,05/01/2023,,,
88151y,45672n,02510u,12/29/2023,1,delivered,12/30/2023,01/10/2024,1/16/2024,4,Good value for money. Does the job well.
96739k,51188v,66394f,11/08/2023,10,pending,,,,,
00080t,66818u,20472b,11/13/2023,7,delivered,11/16/2023,11/17/2023,,,
05029s,92348m,29754z,12/31/2023,4,delivered,12/31/2023,01/07/2024,1/24/2024,2,
63015u,05313r,17115k,05/03/2023,9,delivered,05/04/2023,05/12/2023,,,
45777z,09157y,03736b,11/16/2023,2,delivered,11/19/2023,11/28/2023,12/09/2023,1,
14483z,70849a,99297w,05/12/2023,7,processing,5/15/2023,,,,
94924w,75825u,11932o,05/08/2023,7,shipped,05/11/2023,,,,
50356i,51188v,56764d,02/10/2024,6,delivered,02/11/2024,2/23/2024,03/05/2024,4,Disappointing. Didn't meet my needs as expected.
85963v,73496p,83500s,03/05/2023,2,delivered,03/06/2023,03/09/2023,3/26/2023,3,"Great product, very satisfied with its performance!"
26460r,83161t,03736b,10/04/2023,6,delivered,10/04/2023,10/17/2023,,,
19872v,70801v,97711l,10/29/2023,3,pending,,,,,
54235j,74833d,20295e,06/07/2023,3,delivered,06/09/2023,6/13/2023,,,
65320o,09157y,65763w,11/09/2023,2,delivered,11/09/2023,11/13/2023,12/04/2023,2,Good value for money. Does the job well.
76522c,58686s,21440v,10/31/2023,7,processing,10/31/2023,,,,
96143t,44932e,66048l,09/02/2023,7,delivered,09/05/2023,9/14/2023,9/18/2023,5,Good value for money. Does the job well.
53442w,66818u,65763w,11/19/2023,5,shipped,11/22/2023,,,,
94076h,05313r,30871m,6/19/2023,10,shipped,6/19/2023,,,,
30382k,99498p,04151d,1/26/2024,2,delivered,1/27/2024,02/09/2024,,,
90858u,35352u,48088d,5/21/2023,6,delivered,5/22/2023,5/29/2023,6/13/2023,5,Disappointing. Didn't meet my needs as expected.
44472l,66812h,65763w,02/11/2024,1,delivered,2/14/2024,2/21/2024,,,
30103m,01054m,02090u,10/20/2023,4,delivered,10/22/2023,10/26/2023,11/04/2023,4,Needs better instructions for setup.
50615h,14431h,97711l,5/17/2023,8,processing,5/17/2023,,,,
48637s,41589h,33467h,9/16/2023,7,delivered,9/19/2023,9/22/2023,,,
05932b,57146f,31701h,10/31/2023,10,delivered,11/02/2023,11/04/2023,,,
42132a,92348m,48088d,05/06/2023,1,delivered,05/06/2023,5/19/2023,,,
24003r,97146x,04151d,03/05/2023,5,delivered,03/07/2023,3/18/2023,,,
30585x,48745d,75982l,6/24/2023,7,delivered,6/24/2023,07/08/2023,7/19/2023,2,
19172r,96093d,83931b,4/15/2023,7,shipped,4/15/2023,,,,
44096c,89513e,86538t,8/16/2023,9,delivered,8/17/2023,8/23/2023,09/09/2023,3,"Great product, very satisfied with its performance!"
51966x,76537i,24952a,03/03/2023,7,shipped,03/06/2023,,,,
92433y,61619r,75982l,11/06/2023,4,delivered,11/07/2023,11/13/2023,11/26/2023,5,Needs better instructions for setup.
71920d,05470e,31346s,8/24/2023,8,processing,8/24/2023,,,,
98740n,30842q,31701h,7/18/2023,4,delivered,7/18/2023,7/30/2023,08/11/2023,2,
65271u,01054m,83931b,5/15/2023,6,shipped,5/17/2023,,,,
74668k,05470e,81516l,5/24/2023,7,shipped,5/24/2023,,,,
33375o,97146x,31106q,03/10/2023,7,delivered,03/10/2023,3/21/2023,,,
54670b,61619r,85065z,7/15/2023,7,delivered,7/16/2023,7/21/2023,08/04/2023,2,
11416c,09157y,03736b,9/20/2023,10,delivered,9/21/2023,9/30/2023,10/11/2023,2,Needs better instructions for setup.
97051v,75825u,93499u,11/11/2023,8,processing,11/12/2023,,,,
99940c,96093d,89860e,12/14/2023,5,delivered,12/17/2023,12/24/2023,,,
36880f,04537j,31982j,11/02/2023,6,delivered,11/05/2023,11/07/2023,,,
97042c,97696g,97338x,8/29/2023,5,delivered,8/29/2023,09/02/2023,9/13/2023,3,Needs better instructions for setup.
77550c,29780w,45009e,11/12/2023,6,delivered,11/14/2023,11/22/2023,,,
69989v,73496p,45009e,05/01/2023,3,delivered,05/04/2023,05/12/2023,,,
93363y,66818u,89860e,06/10/2023,8,processing,06/12/2023,,,,
13761d,41589h,04151d,4/28/2023,7,delivered,4/30/2023,05/11/2023,,,
82214l,87193b,06727r,01/05/2024,7,delivered,01/06/2024,01/12/2024,1/22/2024,5,
01548e,19560r,48150m,11/17/2023,4,shipped,11/18/2023,,,,
53516c,99498p,95903a,01/06/2024,6,shipped,01/06/2024,,,,
25343y,12116r,48150m,10/11/2023,6,processing,10/13/2023,,,,
97860h,51188v,97711l,02/07/2024,6,delivered,02/08/2024,2/18/2024,,,
42023k,66812h,30871m,9/24/2023,9,delivered,9/26/2023,10/01/2023,10/15/2023,2,"Impressive design, but functionality could be improved."
91905o,89513e,48088d,6/22/2023,3,delivered,6/25/2023,6/26/2023,07/09/2023,1,
30802y,91921x,20472b,9/21/2023,1,delivered,9/24/2023,10/03/2023,,,
65670u,44932e,31106q,12/22/2023,8,delivered,12/23/2023,01/05/2024,01/08/2024,4,Good value for money. Does the job well.
55367u,32283g,31982j,08/11/2023,8,pending,,,,,
01126o,83161t,29734l,5/18/2023,3,pending,,,,,
50930v,09903v,19584d,6/17/2023,2,shipped,6/18/2023,,,,
00479o,83161t,27099c,1/17/2024,6,shipped,1/17/2024,,,,
86218r,96093d,09112u,9/19/2023,9,delivered,9/21/2023,9/30/2023,10/10/2023,4,Quality could be better for the price.
94555q,70801v,02510u,1/31/2024,8,delivered,02/02/2024,02/08/2024,2/15/2024,2,Good value for money. Does the job well.
07808h,97696g,99297w,8/13/2023,3,delivered,8/15/2023,8/26/2023,8/31/2023,4,
25317f,45672n,53286c,6/21/2023,6,delivered,6/24/2023,6/28/2023,07/09/2023,3,
10381j,04866x,95948c,8/21/2023,6,delivered,8/21/2023,8/28/2023,,,
55567p,91921x,31610d,8/22/2023,7,delivered,8/22/2023,8/26/2023,9/13/2023,2,
35209h,66818u,17115k,03/01/2023,6,pending,,,,,
79393y,14431h,24952a,6/17/2023,5,delivered,6/18/2023,6/24/2023,07/12/2023,5,
92952a,58686s,17115k,4/21/2023,9,delivered,4/22/2023,05/01/2023,,,
01376f,41589h,95903a,05/07/2023,3,delivered,05/08/2023,5/21/2023,,,
45002p,73496p,53286c,3/19/2023,10,delivered,3/19/2023,04/02/2023,,,
20293a,29780w,19648f,06/06/2023,10,delivered,06/06/2023,6/14/2023,6/22/2023,2,
44385d,19560r,12363m,7/18/2023,8,shipped,7/20/2023,,,,
55890r,57146f,64242h,8/30/2023,10,processing,8/30/2023,,,,
49105w,50935w,29734l,3/29/2023,5,delivered,3/30/2023,04/04/2023,,,
75892m,87193b,46392k,05/12/2023,3,delivered,5/13/2023,5/24/2023,,,
19830n,65425n,85089g,12/29/2023,9,delivered,12/29/2023,01/06/2024,,,
55182v,39884g,95948c,04/01/2023,4,delivered,04/02/2023,04/07/2023,4/19/2023,2,
08645o,75825u,11932o,6/15/2023,7,processing,6/15/2023,,,,
74028a,51188v,95332p,11/10/2023,6,delivered,11/12/2023,11/15/2023,12/02/2023,4,"Works perfectly, exactly what I needed!"
26740f,35352u,33467h,10/06/2023,6,pending,,,,,
64313n,38964c,65763w,9/21/2023,9,shipped,9/21/2023,,,,
82929x,92348m,27297s,1/23/2024,4,shipped,1/26/2024,,,,
68568j,86200y,85065z,8/29/2023,3,processing,8/29/2023,,,,
07958g,09157y,99297w,7/28/2023,8,delivered,7/28/2023,08/05/2023,,,
60703c,97146x,24952a,11/28/2023,9,delivered,11/28/2023,12/06/2023,,,
91850t,66812h,86538t,12/31/2023,6,delivered,12/31/2023,01/05/2024,,,
50665y,96093d,30871m,08/04/2023,5,shipped,08/06/2023,,,,
80467m,29780w,31701h,11/23/2023,3,delivered,11/26/2023,11/30/2023,12/17/2023,2,Highly recommended! This product exceeded my expectations.
28447u,86200y,75982l,12/24/2023,10,delivered,12/24/2023,01/06/2024,1/13/2024,3,Disappointing. Didn't meet my needs as expected.
86762i,83161t,93680s,07/10/2023,3,delivered,7/13/2023,7/15/2023,,,
79485s,39884g,56764d,12/03/2023,3,delivered,12/03/2023,12/15/2023,12/19/2023,4,
14369i,57146f,65763w,4/15/2023,2,delivered,4/15/2023,4/25/2023,05/07/2023,5,
28674v,19560r,12490g,03/09/2023,2,delivered,03/12/2023,3/23/2023,3/29/2023,3,"Average product, nothing special about it."
77853y,30842q,73939b,04/08/2023,10,delivered,04/10/2023,4/22/2023,4/30/2023,1,"Impressive design, but functionality could be improved."
33777q,73496p,27297s,12/19/2023,5,delivered,12/20/2023,12/30/2023,,,
34626y,70801v,95332p,12/14/2023,7,delivered,12/15/2023,12/27/2023,,,
65408b,09903v,48088d,8/25/2023,5,processing,8/25/2023,,,,
39847m,97696g,32750s,4/17/2023,8,shipped,4/18/2023,,,,
07955x,65425n,64776e,6/20/2023,5,delivered,6/21/2023,07/02/2023,07/07/2023,4,"Average product, nothing special about it."
78125k,88437p,02510u,05/07/2023,2,pending,,,,,
01745r,76537i,04151d,04/06/2023,5,delivered,04/07/2023,4/17/2023,,,
38172t,38964c,10638s,3/27/2023,8,delivered,3/30/2023,04/02/2023,,,
10546c,05313r,03736b,01/05/2024,5,delivered,01/05/2024,01/10/2024,,,
45231f,75825u,31982j,02/07/2024,6,delivered,02/09/2024,2/15/2024,03/02/2024,1,Disappointing. Didn't meet my needs as expected.
44654e,77733q,80153c,08/09/2023,7,processing,08/11/2023,,,,
58168x,04866x,02510u,3/22/2023,10,delivered,3/24/2023,3/30/2023,04/06/2023,4,
96884o,74833d,31701h,9/14/2023,8,shipped,9/14/2023,,,,
49090t,01054m,68153q,12/29/2023,8,delivered,12/31/2023,01/04/2024,1/22/2024,2,Easy to use and convenient.
28715b,50935w,97338x,4/17/2023,9,delivered,4/18/2023,05/01/2023,05/02/2023,3,"Impressive design, but functionality could be improved."
23321h,14431h,24952a,7/24/2023,2,shipped,7/25/2023,,,,
73131u,04537j,45009e,02/01/2024,8,delivered,02/01/2024,02/09/2024,2/26/2024,1,"Impressive design, but functionality could be improved."
99404k,05313r,95332p,7/18/2023,10,delivered,7/20/2023,7/23/2023,,,
36903g,45672n,29754z,2/19/2024,2,processing,2/22/2024,,,,
70158h,32283g,68153q,10/29/2023,7,processing,10/29/2023,,,,
93424q,61619r,64242h,06/11/2023,3,shipped,06/11/2023,,,,
50440n,91921x,32750s,03/07/2023,9,delivered,03/07/2023,3/14/2023,,,
75701c,65425n,02090u,4/25/2023,6,delivered,4/26/2023,05/04/2023,5/13/2023,5,Good value for money. Does the job well.
92555r,74115u,05847e,09/12/2023,9,delivered,9/13/2023,9/23/2023,9/29/2023,2,Easy to use and convenient.
83006z,05470e,89860e,5/22/2023,6,delivered,5/23/2023,06/01/2023,,,
25478z,73496p,20295e,09/07/2023,2,delivered,09/09/2023,09/12/2023,9/26/2023,1,
80464c,92348m,05847e,11/24/2023,2,shipped,11/26/2023,,,,
75579i,74833d,19584d,7/18/2023,9,delivered,7/19/2023,08/01/2023,,,
98883s,19560r,93680s,06/12/2023,6,delivered,6/15/2023,6/17/2023,,,
50122m,88437p,00613n,01/05/2024,7,delivered,01/06/2024,01/10/2024,1/28/2024,4,
35003s,09157y,81516l,04/10/2023,10,delivered,4/13/2023,4/24/2023,05/04/2023,4,"Great product, very satisfied with its performance!"
16277a,38964c,88691q,01/07/2024,2,delivered,01/09/2024,1/13/2024,1/26/2024,1,"Impressive design, but functionality could be improved."
50955y,58686s,45819t,7/29/2023,1,delivered,7/30/2023,08/09/2023,8/17/2023,4,
69580u,04866x,34220z,01/12/2024,4,delivered,1/15/2024,1/21/2024,1/30/2024,1,"Impressive design, but functionality could be improved."
78933y,96093d,95332p,12/11/2023,7,shipped,12/13/2023,,,,
67598e,35352u,03736b,06/03/2023,3,delivered,06/06/2023,06/08/2023,,,
72777q,83161t,12363m,6/23/2023,7,shipped,6/24/2023,,,,
82217q,12116r,31610d,05/04/2023,1,delivered,05/07/2023,05/11/2023,5/23/2023,5,Disappointing. Didn't meet my needs as expected.
55273d,48745d,88691q,10/28/2023,10,delivered,10/30/2023,11/06/2023,11/20/2023,5,Needs better instructions for setup.
39094j,50935w,53286c,7/28/2023,9,delivered,7/28/2023,08/09/2023,,,
78282f,14431h,00908q,10/06/2023,4,delivered,10/07/2023,10/16/2023,,,
96577c,29780w,88691q,8/18/2023,1,pending,,,,,
11413r,51188v,27321g,8/28/2023,9,shipped,8/29/2023,,,,
26622p,97146x,94269v,2/15/2024,1,delivered,2/16/2024,2/21/2024,03/10/2024,4,
03135w,70801v,31106q,8/27/2023,8,delivered,8/27/2023,09/05/2023,,,
55529g,89513e,66394f,11/21/2023,6,processing,11/21/2023,,,,
92100k,14431h,31106q,05/07/2023,10,processing,05/07/2023,,,,
64830c,76537i,11932o,5/17/2023,8,delivered,5/17/2023,5/31/2023,06/01/2023,3,"Impressive design, but functionality could be improved."
38287y,83161t,68153q,7/31/2023,8,delivered,08/02/2023,08/06/2023,,,
07178p,74115u,31982j,12/18/2023,10,delivered,12/20/2023,12/31/2023,01/11/2024,4,
79817q,66818u,33224p,2/17/2024,2,delivered,2/17/2024,2/24/2024,03/12/2024,2,"Works perfectly, exactly what I needed!"
10775u,65425n,24752z,3/25/2023,1,processing,3/27/2023,,,,
30874w,45672n,07190d,1/29/2024,7,delivered,1/29/2024,02/06/2024,,,
61286i,35352u,45819t,12/11/2023,2,delivered,12/11/2023,12/17/2023,12/30/2023,5,"Average product, nothing special about it."
24084v,50935w,98568g,11/28/2023,4,delivered,11/28/2023,12/10/2023,,,
11390p,05470e,68153q,3/30/2023,1,delivered,04/01/2023,04/06/2023,4/24/2023,5,"Average product, nothing special about it."
39575y,29780w,32750s,02/07/2024,6,delivered,02/09/2024,2/14/2024,2/22/2024,2,
87331n,44932e,19584d,12/26/2023,2,processing,12/26/2023,,,,
96876j,51188v,02510u,06/03/2023,2,shipped,06/04/2023,,,,
68300n,12116r,63937j,3/24/2023,5,delivered,3/24/2023,04/04/2023,,,
45165s,91921x,05847e,12/05/2023,3,delivered,12/07/2023,12/11/2023,,,
64548q,70849a,66048l,05/02/2023,3,delivered,05/05/2023,5/16/2023,5/27/2023,2,"Great product, very satisfied with its performance!"
12504k,39884g,80153c,12/15/2023,4,delivered,12/16/2023,12/29/2023,,,
96301m,88437p,48150m,03/01/2023,4,delivered,03/04/2023,03/09/2023,3/16/2023,3,"Works perfectly, exactly what I needed!"
73847g,09157y,88691q,2/20/2024,6,delivered,2/21/2024,2/24/2024,03/09/2024,5,
51361l,19560r,86538t,12/10/2023,7,delivered,12/13/2023,12/17/2023,12/28/2023,4,
43683h,05313r,00908q,06/05/2023,5,delivered,06/07/2023,06/11/2023,6/20/2023,5,
84904v,01054m,48150m,03/06/2023,2,processing,03/08/2023,,,,
24996d,75825u,68153q,03/03/2023,6,pending,,,,,
42675u,30842q,33467h,3/16/2023,8,delivered,3/16/2023,3/27/2023,3/31/2023,1,
90915q,30842q,98568g,03/01/2023,10,processing,03/02/2023,,,,
25392z,05313r,73939b,09/07/2023,5,delivered,09/07/2023,9/17/2023,9/26/2023,5,
66102x,91921x,21440v,5/24/2023,2,delivered,5/26/2023,5/28/2023,06/12/2023,5,"Works perfectly, exactly what I needed!"
19881c,35352u,93680s,04/12/2023,5,delivered,4/13/2023,4/26/2023,05/05/2023,1,Quality could be better for the price.
91819t,89513e,31701h,7/15/2023,4,delivered,7/17/2023,7/23/2023,08/05/2023,5,
18666x,70849a,00908q,08/06/2023,5,delivered,08/06/2023,08/12/2023,,,
20614s,09157y,85089g,7/26/2023,10,delivered,7/27/2023,08/01/2023,8/18/2023,2,
86780p,09903v,77380y,8/23/2023,7,delivered,8/25/2023,8/30/2023,9/14/2023,4,Disappointing. Didn't meet my needs as expected.
61469e,29780w,93680s,12/04/2023,2,delivered,12/04/2023,12/17/2023,12/24/2023,3,
68912w,74115u,63937j,08/03/2023,6,delivered,08/04/2023,08/07/2023,,,
39048r,58686s,31610d,9/20/2023,6,processing,9/21/2023,,,,
45556p,65425n,56764d,05/07/2023,2,processing,05/09/2023,,,,
98881i,50935w,97711l,4/25/2023,7,delivered,4/26/2023,05/01/2023,,,
27218d,97146x,99297w,8/27/2023,5,delivered,8/30/2023,09/01/2023,,,
31967k,77733q,75992v,4/24/2023,1,processing,4/25/2023,,,,
94183e,45672n,31607j,9/22/2023,10,shipped,9/23/2023,,,,
10005g,05470e,31610d,3/21/2023,7,delivered,3/24/2023,3/26/2023,,,
40081t,04866x,95332p,09/07/2023,2,processing,09/10/2023,,,,
98285a,04537j,93499u,12/06/2023,3,shipped,12/06/2023,,,,
36847l,74833d,02510u,1/31/2024,1,delivered,02/01/2024,02/05/2024,2/25/2024,3,Needs better instructions for setup.
00011m,75825u,75992v,03/12/2023,10,delivered,3/14/2023,3/24/2023,3/27/2023,3,
95895j,92348m,21440v,12/05/2023,4,delivered,12/08/2023,12/09/2023,,,
91587m,73496p,31607j,4/17/2023,1,delivered,4/19/2023,4/30/2023,05/08/2023,3,Disappointing. Didn't meet my needs as expected.
38240k,61619r,48150m,10/02/2023,10,delivered,10/03/2023,10/08/2023,10/19/2023,5,"Works perfectly, exactly what I needed!"
00612c,44932e,32750s,5/26/2023,7,processing,5/29/2023,,,,
42949a,66812h,29734l,05/03/2023,3,delivered,05/06/2023,05/10/2023,,,
27538h,74115u,88691q,3/13/2023,6,delivered,3/16/2023,3/25/2023,,,
39818v,51188v,95177z,03/09/2023,2,processing,03/12/2023,,,,
51918j,48745d,83931b,10/15/2023,6,processing,10/18/2023,,,,
20420b,91921x,17115k,5/16/2023,6,delivered,5/17/2023,5/24/2023,06/06/2023,4,
48906c,86200y,31607j,5/17/2023,3,delivered,5/18/2023,5/31/2023,,,
70591k,41589h,75992v,5/19/2023,5,delivered,5/19/2023,5/31/2023,,,
32979r,89513e,82417v,11/15/2023,5,processing,11/16/2023,,,,
39714q,99498p,66394f,5/24/2023,10,delivered,5/24/2023,06/06/2023,06/10/2023,3,
40063f,66812h,02510u,4/25/2023,6,delivered,4/27/2023,05/04/2023,5/19/2023,3,"Impressive design, but functionality could be improved."
71607u,44932e,04151d,02/12/2024,6,delivered,02/12/2024,2/22/2024,2/27/2024,5,"Works perfectly, exactly what I needed!"
27016z,58686s,66048l,8/19/2023,7,delivered,8/21/2023,8/30/2023,,,
51360x,61619r,85089g,1/16/2024,5,delivered,1/19/2024,1/30/2024,,,
73104i,65425n,24752z,3/20/2023,4,delivered,3/23/2023,04/03/2023,,,
63069q,97696g,66048l,6/16/2023,6,delivered,6/19/2023,6/21/2023,07/01/2023,3,Easy to use and convenient.
14098f,05313r,06727r,8/14/2023,9,delivered,8/14/2023,8/21/2023,,,
44478k,09157y,12363m,4/17/2023,10,delivered,4/17/2023,4/21/2023,,,
42152e,01054m,03736b,4/15/2023,6,delivered,4/16/2023,4/27/2023,05/04/2023,1,Easy to use and convenient.
77575n,87193b,05847e,07/06/2023,5,delivered,07/06/2023,7/17/2023,,,
75305p,70801v,27297s,09/03/2023,6,delivered,09/04/2023,9/14/2023,9/23/2023,5,
47794r,83161t,04151d,5/25/2023,9,delivered,5/25/2023,06/03/2023,,,
54685l,09903v,70177q,6/15/2023,9,shipped,6/17/2023,,,,
28183c,75825u,31701h,01/02/2024,7,shipped,01/04/2024,,,,
98154a,57146f,85163t,2/24/2024,4,delivered,2/26/2024,03/02/2024,3/18/2024,5,
07320n,76537i,31701h,06/02/2023,7,delivered,06/02/2023,06/12/2023,,,
69379y,32283g,33467h,09/07/2023,8,delivered,09/07/2023,09/11/2023,,,
66975g,04866x,24752z,08/08/2023,3,delivered,08/08/2023,8/20/2023,,,
49186y,73496p,56764d,05/06/2023,10,delivered,05/09/2023,05/11/2023,,,
25442j,92348m,56764d,5/17/2023,4,delivered,5/20/2023,5/31/2023,,,
83533j,83161t,09112u,01/03/2024,2,pending,,,,,
66512i,73496p,45009e,3/28/2023,4,delivered,3/29/2023,04/09/2023,4/16/2023,4,
19282s,41589h,07190d,1/21/2024,5,delivered,1/22/2024,02/02/2024,,,
95795c,66812h,48150m,6/21/2023,10,delivered,6/22/2023,6/30/2023,07/06/2023,2,
55495f,61619r,73939b,04/09/2023,9,delivered,04/10/2023,4/15/2023,4/29/2023,2,Highly recommended! This product exceeded my expectations.
05059y,30842q,64776e,8/21/2023,5,delivered,8/23/2023,8/27/2023,,,
31263p,70801v,95177z,04/03/2023,1,delivered,04/06/2023,04/12/2023,,,
26878x,75825u,78277j,07/10/2023,2,delivered,7/13/2023,7/23/2023,7/28/2023,4,
19512z,99498p,85163t,3/18/2023,7,processing,3/20/2023,,,,
90987n,97696g,09112u,8/22/2023,2,delivered,8/23/2023,09/03/2023,09/09/2023,4,
59994t,86200y,12490g,1/29/2024,10,delivered,1/29/2024,02/04/2024,,,
24460p,70849a,00613n,12/07/2023,6,delivered,12/09/2023,12/12/2023,,,
81524t,66818u,46392k,10/31/2023,6,delivered,11/01/2023,11/08/2023,11/20/2023,4,
54912p,76537i,83500s,2/22/2024,7,delivered,2/23/2024,03/04/2024,,,
34467n,77733q,12363m,5/17/2023,4,delivered,5/20/2023,5/21/2023,06/11/2023,1,
24877g,38964c,27099c,3/23/2023,1,delivered,3/25/2023,3/28/2023,,,
58743z,05313r,12490g,7/20/2023,1,delivered,7/21/2023,7/27/2023,08/12/2023,1,Quality could be better for the price.
92217a,65425n,64242h,08/02/2023,2,delivered,08/04/2023,08/10/2023,8/22/2023,4,"Average product, nothing special about it."
88753s,09157y,27321g,12/14/2023,7,shipped,12/15/2023,,,,
52713l,89513e,31346s,03/07/2023,4,delivered,03/10/2023,3/14/2023,3/24/2023,1,
32698f,05470e,97338x,8/13/2023,8,delivered,8/16/2023,8/25/2023,,,
03006e,39884g,93680s,12/23/2023,9,delivered,12/24/2023,01/03/2024,1/13/2024,5,Needs better instructions for setup.
03762u,45672n,56764d,01/04/2024,2,delivered,01/05/2024,1/17/2024,,,
05008h,74833d,48088d,6/13/2023,7,delivered,6/16/2023,6/17/2023,,,
03842p,14431h,70177q,2/18/2024,7,delivered,2/18/2024,2/29/2024,03/11/2024,5,Good value for money. Does the job well.
70011c,32283g,61340n,7/13/2023,4,processing,7/13/2023,,,,
24947v,51188v,78277j,04/09/2023,6,delivered,04/09/2023,4/21/2023,4/29/2023,5,Good value for money. Does the job well.
02521w,88437p,57571j,09/08/2023,8,delivered,09/09/2023,09/12/2023,9/27/2023,5,Easy to use and convenient.
95777x,12116r,03736b,06/03/2023,6,delivered,06/03/2023,06/11/2023,6/27/2023,1,
69202z,04537j,00908q,5/18/2023,7,delivered,5/21/2023,5/24/2023,06/09/2023,4,"Works perfectly, exactly what I needed!"
49838p,09903v,98568g,7/21/2023,5,processing,7/22/2023,,,,